{
    "SingleNodeClass": {
        "add_node": {
            "datalist_100": 0.00016297542005001259,
            "datalist_1000": 0.0026735522833284146,
            "datalist_10000": 0.038208970826720666,
            "datalist_100000": 0.637120065963342
        },
        "tree_data": {
            "datalist_100": 4.374568331210564e-05,
            "datalist_1000": 0.0005570146499667317,
            "datalist_10000": 0.00688019047336032,
            "datalist_100000": 0.0915171452833844
        },
        "full": {
            "datalist_100": 0.0002016650667064823,
            "datalist_1000": 0.003203051429979193,
            "datalist_10000": 0.04522309403667653,
            "datalist_100000": 0.7130449369966421
        }
    },
    "TwoNodeClass": {
        "add_node": {
            "datalist_100": 0.00017820370669748324,
            "datalist_1000": 0.0027917100000195206,
            "datalist_10000": 0.038648258770020524,
            "datalist_100000": 0.6230680240200308
        },
        "tree_data": {
            "datalist_100": 2.1929563323889546e-05,
            "datalist_1000": 0.00022444171326545375,
            "datalist_10000": 0.0028225101333130926,
            "datalist_100000": 0.04962954824669093
        },
        "full": {
            "datalist_100": 0.0001844411033380311,
            "datalist_1000": 0.003009944829973392,
            "datalist_10000": 0.04249391966334467,
            "datalist_100000": 0.7011517527666485
        }
    },
    "BisectNodeClass": {
        "add_node": {
            "datalist_100": 3.987326005396123e-05,
            "datalist_1000": 0.0005442545833163118,
            "datalist_10000": 0.020012263800017537,
            "datalist_100000": 1.639248195353381
        },
        "tree_data": {
            "datalist_100": 4.173133299142743e-06,
            "datalist_1000": 2.3322603277241193e-05,
            "datalist_10000": 0.00022904893999414828,
            "datalist_100000": 0.00248959459005467
        },
        "full": {
            "datalist_100": 4.099721336388029e-05,
            "datalist_1000": 0.0005764754666112518,
            "datalist_10000": 0.019784239633348383,
            "datalist_100000": 1.6666057383433508
        }
    }
}