{
    "SingleNodeClass": {
        "add_node": {
            "datalist_100": 0.0001983017666740731,
            "datalist_1000": 0.002492429833303807,
            "datalist_10000": 0.03806387979996846,
            "datalist_100000": 0.6217144444999879,
            "datalist_1000000": 9.150113609466674
        },
        "tree_data": {
            "datalist_100": 4.7106433339649814e-05,
            "datalist_1000": 0.0005275747666625345,
            "datalist_10000": 0.006445085866653244,
            "datalist_100000": 0.09245310873332832,
            "datalist_1000000": 1.090110896899993
        },
        "full": {
            "datalist_100": 0.00021812693330502952,
            "datalist_1000": 0.0030551903333313627,
            "datalist_10000": 0.0443956895333334,
            "datalist_100000": 0.7101581569666753,
            "datalist_1000000": 10.37237155290001
        }
    },
    "TwoNodeClass": {
        "add_node": {
            "datalist_100": 0.00018721119998493425,
            "datalist_1000": 0.002575890300007207,
            "datalist_10000": 0.04021793020001496,
            "datalist_100000": 0.6415041655999933,
            "datalist_1000000": 9.09970480143335
        },
        "tree_data": {
            "datalist_100": 2.738229995884467e-05,
            "datalist_1000": 0.0002253712333185831,
            "datalist_10000": 0.0026405296333299093,
            "datalist_100000": 0.04615620176664379,
            "datalist_1000000": 0.49678514426668696
        },
        "full": {
            "datalist_100": 0.00023100783334181564,
            "datalist_1000": 0.0028142253333498955,
            "datalist_10000": 0.042733504233334926,
            "datalist_100000": 0.6844136869666727,
            "datalist_1000000": 9.585989128433328
        }
    }
}