{
    "small_perf": {
        "knapsack_1_standard_solution": {
            "knapsack_3": 8.460058333488027e-06,
            "knapsack_6": 2.370462033347091e-05,
            "knapsack_9": 4.697945899958237e-05,
            "knapsack_12": 7.475037999999283e-05,
            "knapsack_15": 0.0001160251633336884,
            "knapsack_18": 0.0001913902873329789,
            "knapsack_21": 0.00023343408733308025,
            "knapsack_24": 0.0003090854693327856,
            "knapsack_27": 0.0004394969806665661,
            "knapsack_30": 0.00048800191666668977
        },
        "knapsack_2_solution": {
            "knapsack_3": 5.108243334082848e-06,
            "knapsack_6": 1.1786176333165107e-05,
            "knapsack_9": 2.2751250666866935e-05,
            "knapsack_12": 3.509979999944335e-05,
            "knapsack_15": 5.569279433378445e-05,
            "knapsack_18": 7.572769133245553e-05,
            "knapsack_21": 0.00010207128899916522,
            "knapsack_24": 0.00013006164233350624,
            "knapsack_27": 0.00016328723966641215,
            "knapsack_30": 0.00019919391466707262
        },
        "knapsack_3_solution": {
            "knapsack_3": 7.191795333104285e-06,
            "knapsack_6": 1.4741726000162694e-05,
            "knapsack_9": 2.7362320333850222e-05,
            "knapsack_12": 4.161708266716838e-05,
            "knapsack_15": 6.429058199925445e-05,
            "knapsack_18": 8.800068199949844e-05,
            "knapsack_21": 0.00011544641300012397,
            "knapsack_24": 0.0001524067243335594,
            "knapsack_27": 0.00018894349600001684,
            "knapsack_30": 0.0002330985540005107
        },
        "knapsack_5_dynamic_solution": {
            "knapsack_3": 4.796529000183606e-06,
            "knapsack_6": 1.1567130666662706e-05,
            "knapsack_9": 2.256412366659788e-05,
            "knapsack_12": 3.511911866674685e-05,
            "knapsack_15": 5.4302242666381065e-05,
            "knapsack_18": 7.859297766663075e-05,
            "knapsack_21": 9.905197100003232e-05,
            "knapsack_24": 0.0001303318043331577,
            "knapsack_27": 0.00016439664066638214,
            "knapsack_30": 0.0001997315143338104
        },
        "knapsack_6_recursive_dynamic_solution": {
            "knapsack_3": 1.2986920333787565e-05,
            "knapsack_6": 6.168365033287651e-05,
            "knapsack_9": 0.0001699377650002134,
            "knapsack_12": 0.0004179705383333688,
            "knapsack_15": 0.0007899394849998013,
            "knapsack_18": 0.0013665627746662114,
            "knapsack_21": 0.002200571466333107,
            "knapsack_24": 0.002967728563000492,
            "knapsack_27": 0.00425139691766708,
            "knapsack_30": 0.0051687324143337415
        },
        "knapsack_greedy_solution": {
            "knapsack_3": 2.907841332974689e-06,
            "knapsack_6": 4.830043665909518e-06,
            "knapsack_9": 6.556677333113232e-06,
            "knapsack_12": 7.64387833260116e-06,
            "knapsack_15": 9.324999666811587e-06,
            "knapsack_18": 1.0432953666774361e-05,
            "knapsack_21": 1.1839319666250958e-05,
            "knapsack_24": 1.3320280666448525e-05,
            "knapsack_27": 1.4972384333304944e-05,
            "knapsack_30": 1.6068405000017568e-05
        },
        "knapsack_4_bruteforce_solution": {
            "knapsack_3": 5.771112665873564e-06,
            "knapsack_6": 3.07092680001612e-05,
            "knapsack_9": 0.0002644097779993899,
            "knapsack_12": 0.0024444107156662846,
            "knapsack_15": 0.02261660050433299
        }
    },
    "big_perf": {
        "knapsack_1_standard_solution": {
            "knapsack_30": 0.00044067054233346426,
            "knapsack_60": 0.001912981543332838,
            "knapsack_90": 0.004367346642000484,
            "knapsack_120": 0.00784481185099988,
            "knapsack_150": 0.012841915333333113,
            "knapsack_180": 0.01874046437633236
        },
        "knapsack_2_solution": {
            "knapsack_30": 0.00020119023166625992,
            "knapsack_60": 0.0007713047540006907,
            "knapsack_90": 0.0017385279369997687,
            "knapsack_120": 0.0031236836649998928,
            "knapsack_150": 0.005024171496666895,
            "knapsack_180": 0.007385133002666407,
            "knapsack_210": 0.010397045616666824,
            "knapsack_240": 0.01354009792733268,
            "knapsack_270": 0.016768498910666795,
            "knapsack_300": 0.02209990359599942
        },
        "knapsack_3_solution": {
            "knapsack_30": 0.00024350898933395607,
            "knapsack_60": 0.0009176353840005808,
            "knapsack_90": 0.0021083638110000417,
            "knapsack_120": 0.003833198507333994,
            "knapsack_150": 0.005978190572333309,
            "knapsack_180": 0.008900717574333005,
            "knapsack_210": 0.012093166923999888,
            "knapsack_240": 0.015439882283333645,
            "knapsack_270": 0.019194621749333236,
            "knapsack_300": 0.024096461939666067
        },
        "knapsack_5_dynamic_solution": {
            "knapsack_30": 0.00021377838866646926,
            "knapsack_60": 0.0008060360843325421,
            "knapsack_90": 0.0017641062596667324,
            "knapsack_120": 0.0032006779323328375,
            "knapsack_150": 0.0049262056663337715,
            "knapsack_180": 0.007204244531999696,
            "knapsack_210": 0.009972305048999866,
            "knapsack_240": 0.013298010511666992,
            "knapsack_270": 0.01680363125299967,
            "knapsack_300": 0.022255093704333075
        },
        "knapsack_6_recursive_dynamic_solution": {
            "knapsack_30": 0.0059207374906667,
            "knapsack_60": 0.04791435515666671
        },
        "knapsack_greedy_solution": {
            "knapsack_30": 1.6992609333707757e-05,
            "knapsack_60": 3.1065839665946746e-05,
            "knapsack_90": 4.7628527666650675e-05,
            "knapsack_120": 6.31580316664137e-05,
            "knapsack_150": 7.851003566671958e-05,
            "knapsack_180": 9.6400808000908e-05,
            "knapsack_210": 0.00011287954733294707,
            "knapsack_240": 0.00012827252766631623,
            "knapsack_270": 0.00014631945333348995,
            "knapsack_300": 0.00016298861200023871,
            "knapsack_330": 0.00018050762333344513,
            "knapsack_360": 0.00019794146833313183,
            "knapsack_390": 0.00021879525866643236,
            "knapsack_420": 0.00023207178833339036,
            "knapsack_450": 0.00024903777866711605
        }
    }
}